epoch,acc,loss,val_acc,val_loss
0,0.6768441945314407,2.558745962381363,0.6745479208230972,1.510008145570755
1,0.6738397687673569,1.371232908964157,0.6749839703041548,1.2997291629281351
