epoch,acc,loss,val_acc,val_loss
0,0.7442776800070126,0.53462324221947,0.7625317108631134,0.4764915558695793
