epoch,acc,loss,val_acc,val_loss
0,0.7442776800070126,0.53462324221947,0.7625317108631134,0.4764915558695793
1,0.8752440159206316,0.29019690771567475,0.901591249704361,0.23639838010072708
2,0.9071196848592318,0.22954316274427267,0.8959705865383149,0.29643124356865885
3,0.9162892417025246,0.21019884769612066,0.8932717835903168,0.31469750896096227
